{
  "found": false,
  "dimension": 8,
  "truth_mask_hex": "0x177f2bbf4ddf8eef71f7b2fbd4fde8fe7f17bf2bdf4def8ef771fbb2fdd4fee8",
  "restarts_per_orientation": 300,
  "best_accuracy": 219,
  "best_minimum_signed_score": -0.0008409841582140817,
  "best_model": {
    "orientation": -1,
    "restart": 196,
    "first_numerator": [
      -3.3322008521165976,
      3.3262109760174883,
      3.3406928886188405,
      -0.00408722914095514,
      5.212091086843063e-07,
      3.4237834443361925,
      -3.408918811926045,
      -0.004657922372426325,
      -1.8165116058032407e-07
    ],
    "second_numerator": [
      -0.432910100310921,
      0.432616619479909,
      0.3757333015647355,
      23.205026989009962,
      0.00010964040293358522,
      0.4453119936634679,
      -0.3832483409895656,
      23.00205399848421,
      0.00011313099906497818
    ],
    "free_factor": [
      3.3367076286837594,
      -3.3734745378827036,
      3.388567476287608,
      0.06122373674233055,
      1.4077083942268317e-06,
      -3.473248406624533,
      -3.4577686352493195,
      0.060073226008415255,
      1.1223663577927634e-06
    ],
    "oriented_literal_weights": [
      8.622740463857223e-06,
      9.045161459839392e-06,
      4.806929247554144e-06,
      0.5021691612813007,
      8.072495513027506e-06,
      7.051019830723822e-06,
      6.727836014680077e-06,
      0.4977782713351183,
      8.241201051322244e-06
    ],
    "oriented_factor_value_range": [
      8.622740463857223e-06,
      1.0
    ],
    "misclassified_vertex_codes": [
      4,
      21,
      35,
      46,
      50,
      63,
      64,
      69,
      70,
      81,
      84,
      87,
      100,
      103,
      106,
      111,
      117,
      118,
      123,
      126,
      137,
      138,
      152,
      155,
      166,
      168,
      171,
      183,
      185,
      186,
      205,
      209,
      220,
      226,
      231,
      243,
      246
    ]
  },
  "warning": "A search failure is not an H2 lower bound."
}
