{
  "status": "Every success is exact. A failure is only search evidence.",
  "truth_mask_hex": "0x96696bd669b69669",
  "attempts": [
    {
      "positive_heads": 4,
      "best": {
        "positive_heads": 4,
        "restart": 43,
        "continuous_inner_lp_margin": 1.0916626762149068e-08,
        "active_dual_rows": 25,
        "anchor_index": 21,
        "anchor_value": -1,
        "optimizer_success": true,
        "optimizer_message": "CONVERGENCE: REL_REDUCTION_OF_F_<=_FACTR*EPSMCH",
        "literal_weights": [
          [
            0.11406895766483172,
            0.17349120864889772,
            0.1972006846662044,
            0.08859082617151587,
            0.17087368332053277,
            0.16561622097650736,
            0.09015841855151013
          ],
          [
            0.21231388794788758,
            0.03395153148064714,
            0.1820389919437622,
            0.13082502599901863,
            0.09682058515745086,
            0.17362855833126212,
            0.17042141913997147
          ],
          [
            0.2662738888642196,
            0.11081687900806202,
            0.05972786953924878,
            0.07583727297985259,
            0.12719775300177594,
            0.23161328885590962,
            0.12853304775093155
          ],
          [
            0.2239318829641388,
            0.09319511271686773,
            0.05022966405380267,
            0.2227957521468097,
            0.10697100551149706,
            0.19478272558644474,
            0.10809385702043928
          ]
        ]
      }
    }
  ],
  "h4_certificate": null
}
