{
  "status": "Every success is exact. A failure is only search evidence.",
  "truth_mask_hex": "0x96696bd669b69669",
  "attempts": [
    {
      "positive_heads": 0,
      "best": {
        "positive_heads": 0,
        "restart": 5,
        "continuous_inner_lp_margin": 3.4177783475501346e-10,
        "active_dual_rows": 25,
        "anchor_index": 2,
        "anchor_value": -1,
        "optimizer_success": true,
        "optimizer_message": "CONVERGENCE: REL_REDUCTION_OF_F_<=_FACTR*EPSMCH",
        "literal_weights": [
          [
            0.9982767507979129,
            7.409102010002005e-06,
            2.1908349130344774e-06,
            0.0008614857447989478,
            0.00026597756043472915,
            0.00019093507937004633,
            0.0003952508805604086
          ],
          [
            0.006446435839348668,
            0.053096609934139255,
            0.19317234672986394,
            0.003726294725472884,
            0.0032355947507247624,
            0.7384402361060568,
            0.0018824819143936243
          ],
          [
            0.0023733257570618324,
            7.603846326664975e-06,
            0.9959044869370285,
            0.0008619569785686673,
            0.00026596750910602354,
            0.00019157779172456534,
            0.0003950811801836805
          ],
          [
            0.009193474277734138,
            0.6655475080982528,
            0.0029769356207001553,
            4.3672218991171576e-05,
            0.07222867693644934,
            0.08941503941198646,
            0.16059469343588587
          ]
        ]
      }
    },
    {
      "positive_heads": 1,
      "best": {
        "positive_heads": 1,
        "restart": 3,
        "continuous_inner_lp_margin": 3.400338269457074e-09,
        "active_dual_rows": 25,
        "anchor_index": 1,
        "anchor_value": -1,
        "optimizer_success": true,
        "optimizer_message": "CONVERGENCE: REL_REDUCTION_OF_F_<=_FACTR*EPSMCH",
        "literal_weights": [
          [
            0.9963492394916686,
            0.0009535050871912219,
            0.0006371517217045508,
            0.0002837365636063925,
            0.00044301935318237127,
            0.00035182750649233335,
            0.0009815202761546242
          ],
          [
            0.5421599788046192,
            0.4553641189746154,
            0.0005281382461316667,
            0.0002838599233435689,
            0.0004663364842774445,
            0.0003347589898301592,
            0.0008628085771826908
          ],
          [
            0.27884893092775714,
            0.12872589903772147,
            0.12464337915637033,
            0.06664718907760042,
            0.03056995681114626,
            0.3573524344469779,
            0.013212210542426345
          ],
          [
            0.19341652763525885,
            0.013529834260026095,
            0.2280636182656552,
            0.11260632647015728,
            0.15584059416529075,
            0.0057035192011462305,
            0.2908395800024655
          ]
        ]
      }
    },
    {
      "positive_heads": 2,
      "best": {
        "positive_heads": 2,
        "restart": 7,
        "continuous_inner_lp_margin": -7.066724686938832e-09,
        "active_dual_rows": 25,
        "anchor_index": 3,
        "anchor_value": -1,
        "optimizer_success": true,
        "optimizer_message": "CONVERGENCE: NORM_OF_PROJECTED_GRADIENT_<=_PGTOL",
        "literal_weights": [
          [
            0.9999000105024266,
            1.4951317607823765e-05,
            7.4354003164047164e-06,
            2.4958786072056734e-05,
            9.037467050914253e-06,
            3.530681274825577e-05,
            8.299713778000267e-06
          ],
          [
            0.9998807458338901,
            3.4691318203158955e-05,
            1.2406773456798067e-06,
            1.3647104234389559e-05,
            3.053674018364966e-05,
            1.7760309925265362e-06,
            3.736229515040413e-05
          ],
          [
            0.8838401056434647,
            0.00033043028191132994,
            0.00015589186885133494,
            0.11425521110388896,
            0.00044757233200061567,
            0.0008767199601882615,
            9.406880969464339e-05
          ],
          [
            0.18502647120680443,
            0.004721254377578726,
            0.3350124192411942,
            0.19152365542512356,
            0.17226947274847157,
            0.023722182040213667,
            0.08772454496061398
          ]
        ]
      }
    },
    {
      "positive_heads": 3,
      "best": {
        "positive_heads": 3,
        "restart": 5,
        "continuous_inner_lp_margin": -3.153739090078236e-09,
        "active_dual_rows": 25,
        "anchor_index": 2,
        "anchor_value": -1,
        "optimizer_success": true,
        "optimizer_message": "CONVERGENCE: NORM_OF_PROJECTED_GRADIENT_<=_PGTOL",
        "literal_weights": [
          [
            0.9999929893015926,
            1.0000000978552437e-06,
            1.2262409390538535e-06,
            1.008086885335979e-06,
            1.0893096837159217e-06,
            1.6866656610839087e-06,
            1.0003951403426464e-06
          ],
          [
            0.8861025525453229,
            3.9638422272220834e-05,
            0.11369266083411815,
            5.484613617116344e-06,
            1.3300354296296316e-05,
            1.3804062022800494e-06,
            0.00014498282417123927
          ],
          [
            0.03964119971509714,
            0.0013553521794818827,
            5.222520205312369e-05,
            0.00016169815422951539,
            0.000588859522741806,
            0.12817316321760777,
            0.8300275020087888
          ],
          [
            4.374805106533499e-05,
            0.9628277205035474,
            1.4891392038166562e-05,
            0.01677483828908842,
            0.00015203996333996972,
            0.019828737240802807,
            0.00035802456011780286
          ]
        ]
      }
    },
    {
      "positive_heads": 4,
      "best": {
        "positive_heads": 4,
        "restart": 11,
        "continuous_inner_lp_margin": 5.4072892941266e-10,
        "active_dual_rows": 25,
        "anchor_index": 5,
        "anchor_value": -1,
        "optimizer_success": true,
        "optimizer_message": "CONVERGENCE: REL_REDUCTION_OF_F_<=_FACTR*EPSMCH",
        "literal_weights": [
          [
            0.2869086568092143,
            0.1445278613871058,
            0.08823314831117492,
            0.10200761090949159,
            0.11567378980632508,
            0.15041186581356478,
            0.1122370669631235
          ],
          [
            0.1293622293789886,
            0.2583223422943872,
            0.14386424684494395,
            0.26888988085291093,
            0.059365786973929115,
            0.07381523517639267,
            0.06638027847844756
          ],
          [
            0.3043408863144906,
            0.15330901842632547,
            0.09359404121559667,
            0.10820418504289407,
            0.12270198337832523,
            0.09879352707990957,
            0.11905635854245833
          ],
          [
            0.1803175339910798,
            0.09675176209136709,
            0.06687664929570833,
            0.3163187634841426,
            0.15049121208269073,
            0.07599289911449812,
            0.1132511799405133
          ]
        ]
      }
    }
  ],
  "h4_certificate": null
}
