{
  "status": "Every success is exact. A failure is only search evidence.",
  "truth_mask_hex": "0x96696bd669b69669",
  "attempts": [
    {
      "positive_heads": 1,
      "best": {
        "positive_heads": 1,
        "restart": 3,
        "continuous_inner_lp_margin": 3.400338269457074e-09,
        "active_dual_rows": 25,
        "anchor_index": 1,
        "anchor_value": -1,
        "optimizer_success": true,
        "optimizer_message": "CONVERGENCE: REL_REDUCTION_OF_F_<=_FACTR*EPSMCH",
        "literal_weights": [
          [
            0.9963492394916686,
            0.0009535050871912219,
            0.0006371517217045508,
            0.0002837365636063925,
            0.00044301935318237127,
            0.00035182750649233335,
            0.0009815202761546242
          ],
          [
            0.5421599788046192,
            0.4553641189746154,
            0.0005281382461316667,
            0.0002838599233435689,
            0.0004663364842774445,
            0.0003347589898301592,
            0.0008628085771826908
          ],
          [
            0.27884893092775714,
            0.12872589903772147,
            0.12464337915637033,
            0.06664718907760042,
            0.03056995681114626,
            0.3573524344469779,
            0.013212210542426345
          ],
          [
            0.19341652763525885,
            0.013529834260026095,
            0.2280636182656552,
            0.11260632647015728,
            0.15584059416529075,
            0.0057035192011462305,
            0.2908395800024655
          ]
        ]
      }
    }
  ],
  "h4_certificate": null
}
