{
  "status": "Every success is exact. A failure is only search evidence.",
  "truth_mask_hex": "0x96696bd669b69669",
  "attempts": [
    {
      "positive_heads": 2,
      "best": {
        "positive_heads": 2,
        "restart": 24,
        "continuous_inner_lp_margin": 4.363877128823094e-09,
        "active_dual_rows": 23,
        "anchor_index": 12,
        "anchor_value": 1,
        "optimizer_success": true,
        "optimizer_message": "CONVERGENCE: REL_REDUCTION_OF_F_<=_FACTR*EPSMCH",
        "literal_weights": [
          [
            0.9999925129489111,
            1.0170169358604274e-06,
            1.0016523551612238e-06,
            1.1172849168632263e-06,
            1.1573978984005031e-06,
            1.2007057735795252e-06,
            1.9929932091275865e-06
          ],
          [
            0.9999912432973505,
            1.0010033105640557e-06,
            1.1083704780486848e-06,
            1.0003598092867158e-06,
            1.0666273369261938e-06,
            1.2640506741527792e-06,
            3.316291040922057e-06
          ],
          [
            0.04030109988531132,
            0.017086062377883817,
            0.004498826657045558,
            0.6084902172428023,
            0.05047587254576446,
            0.004701961201121071,
            0.27444596009007144
          ],
          [
            0.954288079709477,
            0.004671753649005909,
            0.008114192572900445,
            0.015464550222758564,
            0.009951090344628351,
            0.006162924660315643,
            0.0013474088409139834
          ]
        ]
      }
    }
  ],
  "h4_certificate": null
}
