{
  "status": "Every success is exact. A failure is only search evidence.",
  "truth_mask_hex": "0x96696bd669b69669",
  "attempts": [
    {
      "positive_heads": 0,
      "best": {
        "positive_heads": 0,
        "restart": 32,
        "continuous_inner_lp_margin": 6.481328478013641e-09,
        "active_dual_rows": 24,
        "anchor_index": 16,
        "anchor_value": 1,
        "optimizer_success": true,
        "optimizer_message": "CONVERGENCE: REL_REDUCTION_OF_F_<=_FACTR*EPSMCH",
        "literal_weights": [
          [
            0.4042925309893068,
            0.2413402824512578,
            0.014128763801369236,
            0.08981465322961835,
            0.011972831637149444,
            0.009313272419088461,
            0.22913766547220982
          ],
          [
            0.7514039313386732,
            0.08160405593826266,
            0.009918138747769615,
            0.009521336344912947,
            0.07087529414939803,
            0.0027884668774748353,
            0.07388877660350894
          ],
          [
            0.5346402024919139,
            0.019552470465926383,
            0.022125240074854023,
            0.20349167528694972,
            0.07137208763331411,
            0.09530898726548054,
            0.05350933678156132
          ],
          [
            0.3316123752356687,
            0.012127247920645326,
            0.013723138193045843,
            0.12621681579890523,
            0.4240155122887981,
            0.059115689714608975,
            0.03318922084832775
          ]
        ]
      }
    }
  ],
  "h4_certificate": null
}
