{
  "status": "Every success is exact. A failure is only search evidence.",
  "truth_mask_hex": "0x96696bd669b69669",
  "attempts": [
    {
      "positive_heads": 3,
      "best": {
        "positive_heads": 3,
        "restart": 21,
        "continuous_inner_lp_margin": 1.2103417106353766e-08,
        "active_dual_rows": 25,
        "anchor_index": 10,
        "anchor_value": -1,
        "optimizer_success": true,
        "optimizer_message": "CONVERGENCE: REL_REDUCTION_OF_F_<=_FACTR*EPSMCH",
        "literal_weights": [
          [
            0.1146011494591966,
            0.20421585708549522,
            0.12441368616523239,
            0.2544943726148187,
            0.10978184030661514,
            0.09984557136870281,
            0.09264752299993911
          ],
          [
            0.08612990030482051,
            0.10893647356486101,
            0.0747306344270884,
            0.14340835628933282,
            0.34669609317384714,
            0.16588550929624601,
            0.0742130329438041
          ],
          [
            0.08613005578881722,
            0.10893658705774499,
            0.07473063288025317,
            0.14340846986453562,
            0.11697733793923541,
            0.16588560215311948,
            0.30393131431629405
          ],
          [
            0.23239989934627897,
            0.17002306387253116,
            0.1258887491488286,
            0.13864690965480284,
            0.038397696121422104,
            0.19517100123772843,
            0.099472680618408
          ]
        ]
      }
    }
  ],
  "h4_certificate": null
}
